FirstName,LastName,Email,Phone
Emma,Reed,emma.reed@example.com,555-123-4567
Liam,Walker,liam.walker@example.com,555-234-5678
Olivia,Bennett,olivia.bennett@example.com,555-345-6789
Noah,Mitchell,noah.mitchell@example.com,555-456-7890
Ava,Brooks,ava.brooks@example.com,555-567-8901
William,Cox,william.cox@example.com,555-678-9012
Sophia,Gray,sophia.gray@example.com,555-789-0123
James,Parker,james.parker@example.com,555-890-1234
Isabella,Reynolds,isabella.reynolds@example.com,555-901-2345
Benjamin,Wells,benjamin.wells@example.com,555-012-3456
Mia,Mason,mia.mason@example.com,555-111-2233
Lucas,Jennings,lucas.jennings@example.com,555-222-3344
Charlotte,Webb,charlotte.webb@example.com,555-333-4455
Henry,Freeman,henry.freeman@example.com,555-444-5566
Amelia,Murray,amelia.murray@example.com,555-555-6677
Alexander,George,alexander.george@example.com,555-666-7788
Evelyn,Howard,evelyn.howard@example.com,555-777-8899
Michael,Marshall,michael.marshall@example.com,555-888-9900
Harper,Richards,harper.richards@example.com,555-999-0011
Elijah,Bishop,elijah.bishop@example.com,555-000-1122
Abigail,Hansen,abigail.hansen@example.com,555-123-7890
Ethan,Curtis,ethan.curtis@example.com,555-234-8901
Elizabeth,Burns,elizabeth.burns@example.com,555-345-9012
Daniel,Perkins,daniel.perkins@example.com,555-456-0123
Emily,Hamilton,emily.hamilton@example.com,555-567-1234
Matthew,Ford,matthew.ford@example.com,555-678-2345
Ella,Dean,ella.dean@example.com,555-789-3456
Jackson,Carpenter,jackson.carpenter@example.com,555-890-4567
Scarlett,Burke,scarlett.burke@example.com,555-901-5678
Sebastian,Gill,sebastian.gill@example.com,555-012-6789
Grace,Payne,grace.payne@example.com,555-123-0123
Aiden,Porter,aiden.porter@example.com,555-234-1234
Chloe,Harvey,chloe.harvey@example.com,555-345-2345
David,Morrison,david.morrison@example.com,555-456-3456
Victoria,Keller,victoria.keller@example.com,555-567-4567
Joseph,Brady,joseph.brady@example.com,555-678-5678
Riley,Stevens,riley.stevens@example.com,555-789-6789
Samuel,Bates,samuel.bates@example.com,555-890-7890
Aria,Newman,aria.newman@example.com,555-901-8901
Logan,Todd,logan.todd@example.com,555-012-9012
Lily,Lawson,lily.lawson@example.com,555-123-0120
Gabriel,Barrett,gabriel.barrett@example.com,555-234-0231
Nora,Thornton,nora.thornton@example.com,555-345-0342
Carter,Norman,carter.norman@example.com,555-456-0453
Hannah,Fields,hannah.fields@example.com,555-567-0564
Anthony,Ruiz,anthony.ruiz@example.com,555-678-0675
Zoe,Erickson,zoe.erickson@example.com,555-789-0786
Andrew,Summers,andrew.summers@example.com,555-890-0897
Lillian,Pope,lillian.pope@example.com,555-901-0908
Wyatt,Haynes,wyatt.haynes@example.com,555-012-1019